<schema>
    <schema_name>greetings</schema_name>
    <act>1</act>
    <act>2</act>
    <act>3</act>
    <instances>1</instances>
    <rank>5</rank>
        
    <role>
        <name>suspect</name>
        <applies>all</applies>
        <essential>true</essential>
    </role>
      
    <action>
        <name>say</name>
        <action_role>suspect</action_role>
        <essential>false</essential>
        <nrExecutions>1</nrExecutions>
        <action_rank>3</action_rank>
        <action_variable>S_occupation</action_variable>
        <action_subnet>suspect</action_subnet>
        <preconditions>
            <precondition>
                <precondition_name>C_greet</precondition_name>
                <precondition_satisfier>self</precondition_satisfier>
            </precondition>
        </preconditions>
    </action>
      
    <action>
        <name>say</name>
        <action_role>suspect</action_role>
        <essential>false</essential>
        <nrExecutions>1</nrExecutions>
        <action_rank>3</action_rank>
        <action_variable>C_inquire</action_variable>
        <action_subnet>chat</action_subnet>
        <preconditions>
            <precondition>
                <precondition_name>C_greet</precondition_name>
                <precondition_satisfier>self</precondition_satisfier>
            </precondition>
        </preconditions>
    </action>
    
    <goal>
        <name>greet</name>
        <owner>character</owner>
        <goal_role>suspect</goal_role>
        <applies>self</applies>
        <drama_goal>greet</drama_goal>
        <variable>C_greet</variable>
        <state>0</state>
    </goal>
    
</schema>


