<schema>
    <schema_name>murder</schema_name>
    <act>1</act>
    <act></act>
    <instances>1</instances>
    <rank>5</rank>
    <schema_preconditions>
        <schema_precondition>
            <schema_precondition_name>introduce_victim</schema_precondition_name>
        </schema_precondition>
    </schema_preconditions>

    <role>
        <name>victim</name>
        <applies>1</applies>
        <role_variable>V_name</role_variable>
        <role_subnet>victim</role_subnet>
        <essential>true</essential>
    </role>
    
    <role>
        <name>suspect</name>
        <applies>4</applies>
        <essential>true</essential>
    </role>
    
    
    
    <action>
        <name>die</name>
        <action_role>victim</action_role>
        <essential>true</essential>
        <nrExecutions>1</nrExecutions>

        <action_rank>5</action_rank>
        <action_goals>
            <action_goal>
                <action_name>victim_dies</action_name>
                <value>10</value>
            </action_goal>
        </action_goals>
        
    </action>
    
    <action>
        <name>looktowardsvictim</name>
        <action_role>suspect</action_role>
        <essential>true</essential>
        <nrExecutions>1</nrExecutions>

        <action_rank>5</action_rank>
        <preconditions>
            <precondition>
                <precondition_name>die</precondition_name>
                <precondition_satisfier>victim</precondition_satisfier>
            </precondition>
        </preconditions>
        <action_goals>
            <action_goal>
                <action_name>murder</action_name>
                <value>10</value>
            </action_goal>
        </action_goals>
    </action>
    
    <action>
        <name>surprise</name>
        <action_role>suspect</action_role>
        <essential>false</essential>
        <nrExecutions>1</nrExecutions>

        <action_rank>5</action_rank>
        <preconditions>
            <precondition>
                <precondition_name>looktowardsvictim</precondition_name>
                <precondition_satisfier>self</precondition_satisfier>
            </precondition>
        </preconditions>
        
    </action>
    
    <action>
        <name>distress</name>
        <action_role>suspect</action_role>
        <essential>false</essential>
        <nrExecutions>1</nrExecutions>

        <action_rank>5</action_rank>
        <preconditions>
            <precondition>
                <precondition_name>surprise</precondition_name>
                <precondition_satisfier>self</precondition_satisfier>
            </precondition>
        </preconditions>
        <action_goals>
            <action_goal>
                <action_name>murder</action_name>
                <value>10</value>
            </action_goal>
        </action_goals>
        
    </action>
        
            
    <goal>
        <name>murder</name>
        <owner>character</owner>
        <goal_role>suspect</goal_role>
        <applies>self</applies>
        <drama_goal>murder</drama_goal>
        
        
    </goal>

    
   <goal>
        <name>victim_dies</name>
        <owner>character</owner>
        <goal_role>victim</goal_role>
        <applies>self</applies>
        <drama_goal>victim_dies</drama_goal>
        
        
    </goal>
    
</schema>